Station,Entry_Week,Entry_Saturday,Entry_Sunday,Exit_Week,Exit_Saturday,Exit_Sunday,AnnualEntryExit_Mill,Borough,lat,long
Queensbury,7534.0,4941.0,3248.0,7372.0,4646.0,3116.0,546.6,Brent,51.59437,-0.28655
Queens Park,9409.0,6382.0,4651.0,8423.0,5362.0,4298.0,675.96,Brent,51.534179,-0.205257721
Putney Bridge,8283.0,6549.0,3856.0,8585.0,6106.0,3921.0,652.4,Hammersmith and Fulham,51.46868,-0.2088141
Preston Road,6315.0,3557.0,2656.0,5399.0,3292.0,2556.0,422.38,Brent,51.57229051,-0.295813875
Plaistow,9930.0,6676.0,4821.0,9429.0,6084.0,4795.0,731.47,Newham,51.53122,0.01659
Piccadilly Circus,59266.0,66956.0,40514.0,56959.0,65289.0,36412.0,5465.82,City of Westminster,51.51022,-0.13392
Pimlico,18185.0,10677.0,8159.0,17077.0,10280.0,8112.0,1282.02,City of Westminster,51.489081,-0.133037
Perivale,4207.0,2608.0,1616.0,3942.0,2401.0,1591.0,292.09,Ealing,51.536673,-0.32391
Parsons Green,11793.0,6549.0,3870.0,10566.0,5924.0,3847.0,769.32,Hammersmith and Fulham,51.47488,-0.20205
Park Royal,3241.0,2138.0,1477.0,3221.0,2097.0,1391.0,239.39,Ealing,51.52671,-0.28417
Queensway,11823.0,12040.0,9727.0,12303.0,12466.0,9693.0,1130.62,City of Westminster,51.59437,-0.18705
Paddington,78992.0,48872.0,41733.0,76087.0,46671.0,36560.0,5776.2,City of Westminster,51.5151846554,-0.17553880792
Pinner,5896.0,2947.0,1867.0,5615.0,2797.0,1766.0,381.37,Harrow,51.59270271,-0.380539158
Ravenscourt Park,5336.0,3061.0,2127.0,5132.0,2900.0,2176.0,370.08,Hammersmith and Fulham,51.49419,-0.2356
Royal Oak,4309.0,2687.0,1941.0,4048.0,2540.0,1990.0,308.67,City of Westminster,51.519383,-0.187785
Redbridge,4737.0,3633.0,2523.0,4378.0,3134.0,2295.0,359.94,Redbridge,51.57618,0.04542
Regents Park,5675.0,3012.0,2035.0,6202.0,3595.0,2428.0,410.69,City of Westminster,51.52344,-0.14713
Richmond,11845.0,13954.0,7259.0,12226.0,12874.0,7072.0,1103.47,Richmond,51.46343247,-0.302033247
Rickmansworth,4966.0,2059.0,1190.0,4381.0,1888.0,1139.0,291.48,Three Rivers,51.64027898,-0.473521454
Roding Valley,618.0,215.0,117.0,704.0,178.0,112.0,37.41,Epping Forest,51.61691,0.04264
Ruislip,3187.0,2193.0,1269.0,3186.0,2159.0,1237.0,234.68,Hillingdon,51.57146,-0.42157
Ruislip Gardens,2138.0,1138.0,651.0,1718.0,962.0,638.0,131.61,Hillingdon,51.560711,-0.410587
Ruislip Manor,3509.0,2072.0,1051.0,3231.0,1892.0,1104.0,232.74,Hillingdon,51.57349,-0.41185
Russell Square,18960.0,12688.0,9990.0,16656.0,12317.0,9299.0,1389.13,Camden,51.523243,-0.124336
Seven Sisters,28355.0,23861.0,17424.0,26646.0,22212.0,16762.0,2311.21,Haringey,51.58318,-0.07495
Sloane Square,27847.0,18087.0,12250.0,27104.0,18207.0,12148.0,2039.24,Kensington and Chelsea,51.49258474,-0.156090904
Oxford Circus,121364.0,103026.0,63185.0,136405.0,113894.0,65547.0,10417.31,City of Westminster,51.51517,-0.14119
Rayners Lane,6991.0,4352.0,2955.0,6986.0,4145.0,2910.0,503.62,Harrow,51.57534,-0.3724
Oval,11909.0,8303.0,5763.0,11272.0,7631.0,5485.0,882.67,Lambeth,51.48214,-0.11284
Leyton,20416.0,17743.0,12375.0,20276.0,15780.0,11901.0,1689.04,Waltham Forest,51.556483,-0.005669
Old Street,42971.0,26666.0,18023.0,41107.0,31508.0,17321.0,3131.06,Islington,51.52618,-0.08751
Snaresbrook,5596.0,2776.0,1754.0,4055.0,2562.0,1753.0,334.12,Redbridge,51.58002,0.02133
Liverpool Street,112437.0,56259.0,42894.0,111688.0,60262.0,41470.0,7652.5,City of London,51.517675,-0.082458
London Bridge,113606.0,78569.0,45408.0,107048.0,75800.0,42694.0,8204.75,Southwark,51.505353,-0.084826
Loughton,5830.0,3837.0,2098.0,5817.0,3635.0,2116.0,417.23,Epping Forest,51.6417,0.05583
Maida Vale,5434.0,3803.0,2676.0,4864.0,3331.0,2587.0,396.58,City of Westminster,51.52989409,-0.185888819
Manor House,13539.0,11134.0,8587.0,12569.0,9598.0,8442.0,1090.66,Hackney,51.57038,-0.09601
Mansion House,11584.0,2766.0,2046.0,11730.0,2602.0,1818.0,634.55,City of London,51.51256,-0.09397
Marble Arch,22337.0,19161.0,13651.0,19926.0,15796.0,11629.0,1761.62,City of Westminster,51.513597,-0.15869195
Marylebone,20984.0,14952.0,11935.0,21656.0,15163.0,10853.0,1659.36,City of Westminster,51.52266,-0.162996
Mile End,24959.0,18224.0,13261.0,23873.0,16737.0,13471.0,1916.96,Tower Hamlets,51.525306,-0.033471
Mill Hill East,2397.0,1202.0,769.0,2154.0,1414.0,877.0,158.18,Barnet,51.60892,-0.20965
Moor Park,1717.0,639.0,364.0,1558.0,619.0,381.0,99.27,Three Rivers,51.62970512,-0.432070848
Moorgate,46698.0,5823.0,3961.0,54744.0,7320.0,4878.0,2500.09,City of London,51.51817,-0.08859
Morden,17036.0,11546.0,8648.0,15608.0,10490.0,8367.0,1251.79,Merton,51.40222413,-0.194599126
Neasden,6327.0,4364.0,3153.0,5707.0,4027.0,2998.0,464.04,Brent,51.55427,-0.25042
Newbury Park,9329.0,6362.0,4269.0,8148.0,5762.0,3775.0,662.59,Redbridge,51.57565,0.08927
North Acton,11190.0,6407.0,4544.0,11023.0,5915.0,4405.0,778.38,Ealing,51.5237,-0.26019
North Ealing,1402.0,939.0,594.0,1232.0,801.0,601.0,98.3,Ealing,51.51807,-0.28838
North Greenwich,40613.0,35817.0,28314.0,42343.0,36024.0,29738.0,3593.14,Greenwich,51.50056,0.0036
North Harrow,3285.0,1730.0,1051.0,3165.0,1540.0,990.0,214.63,Harrow,51.58503612,-0.362595264
North Wembley,2917.0,1966.0,1404.0,2693.0,1751.0,1332.0,211.8,Brent,51.56258091,-0.304072648
Northfields,6422.0,4279.0,3038.0,6197.0,3990.0,3159.0,474.89,Ealing,51.499856,-0.313188
Northwick Park,7679.0,3607.0,2678.0,7553.0,3270.0,2612.0,499.66,Brent,51.57850117,-0.317857023
Northwood,5509.0,2592.0,1587.0,4747.0,2373.0,1533.0,336.43,Hillingdon,51.61098984,-0.423584422
Northwood Hills,3435.0,1901.0,1167.0,3250.0,1694.0,1117.0,227.66,Hillingdon,51.60043795,-0.408812575
Notting Hill Gate,23741.0,23951.0,14101.0,23447.0,27388.0,15288.0,2153.15,Kensington and Chelsea,51.509028,-0.1962847
Oakwood,4407.0,3555.0,2568.0,4331.0,3560.0,2689.0,361.31,Enfield,51.64739,-0.13192
Mornington Crescent,7868.0,4752.0,11598.0,7293.0,3435.0,2327.0,634.81,Camden,51.53427,-0.13901
South Ealing,5789.0,4409.0,2847.0,5650.0,3988.0,2805.0,444.74,Ealing,51.500801,-0.307856
Woodford,9442.0,6937.0,4140.0,9537.0,6301.0,4142.0,713.61,Redbridge,51.60582,0.03328
South Kensington,50391.0,42818.0,34161.0,49744.0,44056.0,33783.0,4315.96,Kensington and Chelsea,51.494066,-0.172791
Uxbridge,13974.0,8494.0,5256.0,13371.0,7825.0,5194.0,968.73,Hillingdon,51.54687,-0.47725
Vauxhall,50772.0,32387.0,24662.0,46714.0,30150.0,24796.0,3670.27,Lambeth,51.48603,-0.12369
Victoria,121018.0,88605.0,69760.0,122783.0,91001.0,71565.0,9727.26,City of Westminster,51.49662869,-0.14400853
Walthamstow Central,11961.0,9038.0,6526.0,17390.0,13811.0,10094.0,1172.94,Waltham Forest,51.58293,-0.01996
Wanstead,4802.0,3400.0,2220.0,4504.0,3156.0,2154.0,354.95,Redbridge,51.57565,0.02864
Warren Street,35810.0,13816.0,9209.0,33944.0,13362.0,8585.0,2143.86,Camden,51.5245,-0.1381
Warwick Avenue,6917.0,4925.0,3490.0,6357.0,4537.0,3598.0,518.36,City of Westminster,51.52329728,-0.183777837
Waterloo,147574.0,91841.0,55080.0,149577.0,90703.0,56770.0,10569.46,Lambeth,51.50322,-0.11328
Watford,3307.0,1654.0,1067.0,2873.0,1671.0,1001.0,209.9,Watford,51.65741058,-0.41745306
Wembley Central,8953.0,7503.0,5106.0,9173.0,7264.0,4613.0,735.76,Brent,51.55122817,-0.29577538
Wembley Park,24980.0,22413.0,14412.0,25094.0,21274.0,13438.0,2088.86,Brent,51.56355598,-0.279770242
West Acton,2754.0,2089.0,1386.0,2576.0,1903.0,1350.0,209.76,Ealing,51.51818,-0.28064
West Brompton,10006.0,4731.0,3077.0,10024.0,4141.0,2825.0,641.68,Kensington and Chelsea,51.48681,-0.19475
West Finchley,2897.0,1590.0,991.0,2694.0,1367.0,992.0,190.6,Barnet,51.60922281219,-0.188711152265457
Upton Park,15357.0,11407.0,8101.0,14397.0,10574.0,7544.0,1171.08,Newham,51.53514,0.03373
West Ham,6946.0,5447.0,3826.0,6466.0,5392.0,3805.0,548.44,Newham,51.527917,0.004141
West Harrow,2270.0,1686.0,941.0,2611.0,1742.0,998.0,181.02,Harrow,51.5795432,-0.353144584
West Kensington,8424.0,5987.0,4309.0,8020.0,5069.0,4121.0,628.45,Hammersmith and Fulham,51.49085,-0.20532
West Ruislip,2787.0,2113.0,1158.0,2672.0,1839.0,1078.0,205.9,Hillingdon,51.569324,-0.43674
Westbourne Park,6923.0,4582.0,2906.0,6272.0,4048.0,2973.0,489.49,City of Westminster,51.520995,-0.201778
Westminster,38241.0,31057.0,24309.0,39001.0,31405.0,23236.0,3201.5,City of Westminster,51.50121,-0.12489
White City,14693.0,7316.0,4358.0,15280.0,6845.0,4401.0,971.38,Hammersmith and Fulham,51.512206,-0.224226
Willesden Green,13820.0,10754.0,8161.0,13073.0,9494.0,7811.0,1087.13,Brent,51.54919,-0.22106
Willesden Junction,7566.0,5164.0,2908.0,7514.0,4743.0,3028.0,549.73,Brent,51.53181,-0.24235
Wimbledon,18188.0,15969.0,10013.0,20149.0,16795.0,10509.0,1574.78,Merton,51.422,-0.20544
Wimbledon Park,3583.0,2648.0,1605.0,3301.0,2235.0,1600.0,262.95,Merton,51.43391,-0.19864
Wood Green,20042.0,15815.0,11793.0,18949.0,16020.0,11415.0,1611.63,Haringey,51.59709,-0.10939
Wood Lane,6242.0,4516.0,2267.0,6631.0,4294.0,2494.0,470.25,Hammersmith and Fulham,51.59709,-0.10939
Leicester Square,49948.0,71173.0,41846.0,47341.0,69316.0,39694.0,5234.22,City of Westminster,51.51148,0.12849
West Hampstead,20776.0,13386.0,9249.0,16880.0,10461.0,8232.0,1397.91,Camden,51.54678865,-0.191016868
South Harrow,3444.0,2331.0,1570.0,3619.0,2350.0,1612.0,262.69,Harrow,51.56461,-0.3521
Upney,4622.0,2785.0,1813.0,4182.0,2372.0,1619.0,311.82,Barking and Dagenham,51.55847,0.23509
Upminster,8860.0,5745.0,2538.0,9533.0,5105.0,2571.0,625.47,Havering,51.55925,0.25177
South Kenton,1858.0,1184.0,696.0,2099.0,1086.0,768.0,137.93,Brent,51.57044666,-0.308566354
South Ruislip,3364.0,2125.0,1323.0,3190.0,1971.0,1279.0,236.2,Hillingdon,51.556795,-0.398708
South Wimbledon,8219.0,5503.0,3598.0,7180.0,5108.0,3605.0,583.56,Merton,51.41543048,-0.192262754
South Woodford,7696.0,4656.0,2739.0,9363.0,6226.0,3977.0,612.5,Redbridge,51.59088,0.02726
Southfields,10030.0,7115.0,4368.0,9142.0,5880.0,4229.0,719.46,Wandsworth,51.444941,-0.206466
Southwark,28187.0,12164.0,8458.0,28800.0,12921.0,8234.0,1818.45,Southwark,51.50384,-0.10478
Stamford Brook,4454.0,2924.0,1972.0,4172.0,2489.0,1886.0,316.88,Hammersmith and Fulham,51.494935,-0.24619
Stanmore,6152.0,4451.0,3028.0,6137.0,4163.0,3073.0,471.67,Harrow,51.61895,-0.30241
Stepney Green,10703.0,6769.0,4857.0,9583.0,5732.0,4613.0,747.01,Tower Hamlets,51.521884,-0.046546
Stockwell,20187.0,15597.0,9779.0,15592.0,13621.0,9301.0,1456.46,Lambeth,51.47224,-0.1227
Upminster Bridge,2073.0,751.0,377.0,1999.0,615.0,371.0,118.32,Havering,51.55847,0.23509
Stonebridge Park,4262.0,2637.0,1757.0,3955.0,2314.0,1624.0,295.11,Brent,51.54402388,-0.275978856
Sudbury Hill,2988.0,1992.0,1283.0,3055.0,1909.0,1294.0,221.59,Ealing,51.556998,-0.335949
Sudbury Town,3027.0,1916.0,1394.0,2801.0,1545.0,1215.0,211.4,Brent,51.55093,-0.31598
Swiss Cottage,12645.0,8442.0,5867.0,11957.0,8026.0,5636.0,924.37,Camden,51.54333,-0.17436
Temple,15731.0,5051.0,3396.0,15893.0,5475.0,3355.0,927.14,City of Westminster,51.51114,-0.11341
Theydon Bois,1526.0,1210.0,697.0,1454.0,1073.0,676.0,116.13,Epping Forest,51.67246,0.10354
Tooting Bec,13230.0,9607.0,6351.0,12044.0,8184.0,6401.0,975.42,Wandsworth,51.43578971,-0.159635693
Tooting Broadway,25494.0,19445.0,13028.0,24753.0,18145.0,13072.0,1979.11,Wandsworth,51.42780008,-0.167910811
Tottenham Court Road,63871.0,54505.0,33720.0,62144.0,52619.0,32075.0,5160.85,City of Westminster,51.5164,-0.13027
Tottenham Hale,21847.0,9891.0,7206.0,20344.0,8587.0,6945.0,1370.45,Haringey,51.588878,-0.059808
Totteridge & Whetstone,4396.0,2544.0,1597.0,3928.0,2179.0,1561.0,291.31,Barnet,51.63022,-0.17917
Tower Hill,30036.0,24595.0,19675.0,33220.0,27252.0,19866.0,2634.36,Tower Hamlets,51.50991,-0.076813
Tufnell Park,6597.0,5234.0,3682.0,6004.0,4349.0,3536.0,508.01,Islington,51.55663,-0.13813
Turnham Green,9699.0,6579.0,4508.0,9809.0,6553.0,4591.0,732.79,Hounslow,51.495143,-0.25406
Turnpike Lane,16200.0,13744.0,9948.0,16215.0,12547.0,9888.0,1344.6,Haringey,51.59031,-0.10308
Stratford,93742.0,93482.0,61629.0,86285.0,87548.0,57524.0,8112.43,Newham,51.541208,-0.003776
Latimer Road,4190.0,2164.0,1532.0,4003.0,1922.0,1457.0,276.53,Kensington and Chelsea,51.513125,-0.218428
Aldgate,15080.0,4397.0,3261.0,16023.0,5909.0,4230.0,918.93,City of London,51.51394,-0.07537
Lambeth North,5443.0,5072.0,3865.0,4887.0,4542.0,3243.0,457.89,Lambeth,51.49894,-0.11216
Canada Water,21804.0,21533.0,14625.0,22150.0,21539.0,14887.0,1964.66,Southwark,51.49787,-0.04967
Canary Wharf,86663.0,36234.0,25994.0,86803.0,37893.0,27770.0,5537.58,Tower Hamlets,51.50362,-0.01987
Canning Town,20492.0,16422.0,12206.0,19892.0,15457.0,11613.0,1651.28,Newham,51.51141,0.09047
Cannon Street,18732.0,4360.0,3117.0,15365.0,3398.0,2955.0,934.74,City of London,51.51141,-0.09047
Canons Park,4900.0,3505.0,2373.0,4777.0,3259.0,2271.0,369.38,Harrow,51.6081,-0.29487
Chalfont & Latimer,2838.0,1286.0,726.0,2964.0,1082.0,573.0,177.81,Chiltern,51.66822,-0.56053
Chalk Farm,8997.0,8721.0,7683.0,8003.0,7056.0,5373.0,771.85,Camden,51.5439,-0.15384
Chancery Lane,31085.0,8066.0,4071.0,32778.0,8195.0,4038.0,1729.01,City of London,51.51836,-0.11115
Charing Cross,30496.0,26272.0,16589.0,29715.0,22288.0,12347.0,2402.49,City of Westminster,51.507108,-0.122963
Chesham,1985.0,1011.0,634.0,1821.0,912.0,564.0,126.55,Chiltern,51.70522733,-0.610986426
Chigwell,1021.0,366.0,188.0,727.0,329.0,160.0,52.92,Epping Forest,51.61795,0.07511
Chiswick Park,3392.0,2074.0,1385.0,3971.0,2026.0,1504.0,256.6,Ealing,51.49466,-0.26866
Chorleywood,1369.0,542.0,328.0,1221.0,545.0,320.0,80.63,Three Rivers,51.65429872,-0.518373353
Clapham Common,15071.0,13320.0,9002.0,16450.0,13870.0,9582.0,1319.8,Lambeth,51.46156,-0.13802
Clapham North,9804.0,9237.0,5746.0,10834.0,9097.0,5874.0,866.09,Lambeth,51.46522,-0.1295
Clapham South,13665.0,10189.0,6726.0,13359.0,9193.0,6880.0,1046.7,Wandsworth,51.45292257,-0.147562148
Cockfosters,2894.0,2998.0,1811.0,2760.0,2576.0,1814.0,251.74,Enfield,51.65117,-0.14811
Colindale,11783.0,8076.0,5503.0,10901.0,6829.0,5108.0,849.48,Barnet,51.59556,-0.24996
Colliers Wood,10755.0,8146.0,5827.0,9870.0,7264.0,5657.0,822.53,Merton,51.41823649,-0.17800983
Covent Garden,22563.0,27532.0,17730.0,24691.0,36587.0,20431.0,2445.46,City of Westminster,51.51308,-0.12427
Croxley,2006.0,887.0,489.0,1877.0,825.0,489.0,122.2,Three Rivers,51.64733268,-0.441479115
Dagenham East,5082.0,3369.0,2099.0,4593.0,2770.0,1795.0,351.52,Barking and Dagenham,51.54396,0.16439
Dagenham Heathway,9800.0,6422.0,4174.0,9711.0,6157.0,4109.0,715.02,Barking and Dagenham,51.54173,0.14543
Debden,4365.0,2100.0,1100.0,4076.0,1836.0,1035.0,269.2,Epping Forest,51.64535,0.08364
Dollis Hill,7035.0,5118.0,3974.0,6107.0,4252.0,3576.0,521.08,Brent,51.5525,-0.23884
Ealing Broadway,27918.0,18907.0,12639.0,25074.0,17762.0,12462.0,2013.87,Ealing,51.51482,-0.30118
Ealing Common,5017.0,3634.0,2486.0,5002.0,3413.0,2470.0,384.72,Ealing,51.50997,-0.28825
Earls Court,30323.0,24399.0,18840.0,30098.0,24212.0,18053.0,2497.88,Kensington and Chelsea,51.491521,-0.193906
East Acton,6603.0,4380.0,3187.0,6345.0,3923.0,3119.0,484.28,Hammersmith and Fulham,51.51753,-0.24827
Camden Town,31046.0,37481.0,16303.0,31183.0,41851.0,28383.0,3076.84,Camden,51.5393,-0.14316
Caledonian Road,9277.0,6574.0,4874.0,8591.0,5719.0,4668.0,691.78,Islington,51.5485,-0.11802
Burnt Oak,7414.0,4665.0,3321.0,6947.0,4413.0,3165.0,528.8,Barnet,51.603,-0.26427
Buckhurst Hill,3740.0,2373.0,1303.0,3843.0,2109.0,1290.0,264.14,Epping Forest,51.62611,0.04705
Acton Town,9531.0,6716.0,4744.0,9382.0,6617.0,4785.0,728.49,Ealing,51.5025,-0.278126
Aldgate East,22327.0,16166.0,13323.0,21071.0,13893.0,11347.0,1703.09,Tower Hamlets,51.51514,-0.07178
Alperton,4495.0,3279.0,2345.0,5081.0,3392.0,2445.0,366.54,Brent,51.54097,-0.30061
Amersham,3848.0,1876.0,1232.0,4025.0,1797.0,1121.0,255.15,Chiltern,51.67435,-0.60732
Angel,30413.0,20944.0,13916.0,30099.0,22368.0,13832.0,2304.94,Islington,51.53253,-0.10579
Archway,15336.0,10701.0,7424.0,13956.0,9023.0,6816.0,1111.07,Islington,51.56536,-0.13474
Arnos Grove,7443.0,5868.0,3986.0,6732.0,5100.0,3745.0,569.35,Enfield,51.61625,-0.13355
Arsenal,4622.0,3692.0,2626.0,3929.0,3071.0,2581.0,352.61,Islington,51.55847,-0.10561
Baker Street,47116.0,29088.0,22260.0,44913.0,27901.0,20754.0,3388.25,City of Westminster,51.52265,-0.15704
Balham,22562.0,17441.0,10809.0,22199.0,15581.0,10678.0,1735.09,Wandsworth,51.44344113,-0.152945844
Bank,112547.0,29906.0,17414.0,111709.0,29100.0,16333.0,6171.74,City of London,51.5134047,-0.08905843
Barbican,20680.0,7416.0,5149.0,20512.0,7702.0,5351.0,1250.14,City of London,51.520865,-0.097758
Barking,29410.0,19930.0,14113.0,28165.0,18712.0,13372.0,2172.02,Barking and Dagenham,51.54079,0.08018
Barkingside,2723.0,1440.0,931.0,2661.0,1403.0,934.0,182.64,Redbridge,51.58543,0.08854
East Finchley,12133.0,7616.0,4980.0,11528.0,6609.0,4958.0,851.35,Barnet,51.5872974705487,-0.16495632312818
Barons Court,12188.0,7011.0,5009.0,10959.0,6051.0,4894.0,822.71,Hammersmith and Fulham,51.490281,-0.21434
Becontree,6034.0,3935.0,2549.0,5638.0,3595.0,2423.0,428.53,Barking and Dagenham,51.54029,0.1262
Belsize Park,10868.0,6114.0,4791.0,9207.0,5596.0,4541.0,728.59,Camden,51.55036,-0.16465
Bermondsey,16503.0,12706.0,8848.0,16121.0,12536.0,9373.0,1311.95,Southwark,51.49813,-0.0635
Bethnal Green,23869.0,20599.0,15643.0,22390.0,19079.0,14976.0,1981.12,Tower Hamlets,51.52718,-0.05504
Blackfriars,26446.0,10303.0,8112.0,24991.0,8295.0,6211.0,1577.4,City of London,51.5114403,-0.1041905
Blackhorse Road,14573.0,10207.0,7512.0,13631.0,9194.0,6984.0,1084.66,Waltham Forest,51.58698,-0.04104
Bond Street,61234.0,46690.0,28468.0,60124.0,45840.0,27253.0,4714.21,City of Westminster,51.51461,-0.14897
Borough,9525.0,5779.0,3955.0,9318.0,6268.0,4140.0,689.18,Southwark,51.50095,-0.09446
Boston Manor,3893.0,2378.0,1724.0,3414.0,2094.0,1744.0,269.15,Ealing,51.495371,-0.325573
Bounds Green,10509.0,7995.0,5470.0,9196.0,6878.0,5232.0,785.45,Haringey,51.607,-0.12418
Bow Road,9077.0,6612.0,4787.0,8487.0,5852.0,4801.0,687.94,Tower Hamlets,51.52709,-0.02482
Brent Cross,4080.0,2728.0,2290.0,3791.0,2499.0,2144.0,304.63,Barnet,51.57693,-0.21414
Brixton,51028.0,40770.0,28965.0,48822.0,40211.0,28135.0,4090.92,Lambeth,51.46239,-0.115421
Bromley-by-Bow,6307.0,3719.0,2438.0,5937.0,3317.0,2428.0,432.15,Tower Hamlets,51.52466,-0.01282
Bayswater,6946.0,6916.0,6033.0,6309.0,6409.0,5286.0,629.22,City of Westminster,51.51224,-0.187569
East Ham,23269.0,17213.0,12184.0,22485.0,15768.0,11628.0,1784.91,Newham,51.53931,0.0526
East Putney,10103.0,6648.0,4301.0,9678.0,6019.0,4512.0,729.09,Wandsworth,51.459015,-0.211138
Eastcote,5129.0,2931.0,1654.0,4848.0,2636.0,1638.0,341.29,Hillingdon,51.57676,-0.39629
Heathrow Terminal 4,3253.0,3419.0,3494.0,2885.0,3391.0,2989.0,316.27,Hillingdon,51.4594777,-0.44689658
Heathrow Terminal 5,6659.0,6383.0,7743.0,5700.0,5191.0,5919.0,614.41,Hillingdon,51.4715,0.488
Hendon Central,13207.0,7560.0,5685.0,12181.0,6560.0,5278.0,900.52,Barnet,51.58346,-0.22653
High Barnet,7311.0,4031.0,2518.0,6820.0,3525.0,2497.0,482.96,Barnet,51.6506519031751,-0.194138165994553
High Street Kensington,20170.0,14260.0,10213.0,19963.0,13917.0,9172.0,1534.99,Kensington and Chelsea,51.5003459144,-0.192351664
Highbury & Islington,31198.0,24555.0,15276.0,30890.0,23441.0,16720.0,2463.31,Islington,51.54502,-0.10752
Highgate,9839.0,6257.0,4118.0,8948.0,5772.0,4272.0,692.9,Haringey,51.57722,-0.14553
Hillingdon,3193.0,2169.0,1112.0,2686.0,1687.0,1007.0,212.63,Hillingdon,51.55364,-0.45062
Holborn,51101.0,28823.0,17598.0,56804.0,31315.0,18187.0,3679.69,Camden,51.51711,-0.12055
Holland Park,6091.0,3888.0,2601.0,5447.0,3879.0,2663.0,432.38,Kensington and Chelsea,51.50722,-0.20553
Holloway Road,10836.0,7498.0,5453.0,10473.0,6944.0,5466.0,814.97,Islington,51.5529,-0.11278
Hornchurch,3723.0,2269.0,1042.0,3705.0,2299.0,1061.0,255.73,Havering,51.55387,0.21797
Hounslow Central,6080.0,4252.0,3022.0,6423.0,4073.0,2929.0,469.91,Hounslow,51.47129,-0.365853
Hatton Cross,5026.0,3758.0,3016.0,4737.0,3613.0,2987.0,397.05,Hillingdon,51.466988,-0.423035
Hounslow East,5988.0,4804.0,3609.0,6305.0,4905.0,3678.0,502.17,Hounslow,51.47354,-0.356
Hyde Park Corner,7515.0,7654.0,6368.0,8292.0,7400.0,6454.0,727.13,City of Westminster,51.50313,-0.15278
Ickenham,1912.0,1170.0,621.0,1958.0,1146.0,654.0,134.48,Hillingdon,51.56147,-0.44257
Kennington,8942.0,6777.0,4709.0,8177.0,6390.0,4843.0,687.97,Southwark,51.48823,-0.10587
Kensal Green,4578.0,3147.0,2139.0,3891.0,2664.0,2092.0,324.32,Brent,51.53060655,-0.224253545
Kentish Town,13857.0,8998.0,6164.0,12940.0,8053.0,5434.0,983.17,Camden,51.53060655,-0.14067
Kenton,3327.0,2130.0,1415.0,3331.0,2096.0,1391.0,242.66,Brent,51.58173809,-0.316870809
Kew Gardens,6662.0,5484.0,4385.0,6497.0,5058.0,4007.0,548.45,Richmond,51.58173809,-0.316870809
Kilburn,13475.0,10578.0,7920.0,12733.0,9837.0,7841.0,1071.31,Brent,51.5471715,-0.205002
Kilburn Park,5153.0,4424.0,3149.0,4948.0,4116.0,3070.0,424.8,Brent,51.53495818,-0.193963023
Kingsbury,8439.0,5685.0,4019.0,8092.0,5386.0,3853.0,622.92,Brent,51.58422,-0.2788
Knightsbridge,25026.0,28003.0,19735.0,23810.0,25435.0,15400.0,2304.19,Kensington and Chelsea,51.50169,-0.1603
Ladbroke Grove,9327.0,9009.0,4625.0,8878.0,7205.0,3950.0,747.49,Kensington and Chelsea,51.5173,-0.21114
Hounslow West,5414.0,4253.0,3387.0,5191.0,4160.0,3406.0,440.58,Hounslow,51.4715,-0.386471
Lancaster Gate,9568.0,7851.0,6492.0,9120.0,7473.0,5692.0,787.61,City of Westminster,51.512083,-0.175067
Harrow-on-the-Hill,16908.0,11329.0,7711.0,18067.0,11531.0,7995.0,1294.99,Harrow,51.579335,-0.337052
Harlesden,5321.0,3066.0,2039.0,5172.0,2903.0,1995.0,367.48,Brent,51.53628278,-0.257622488
Edgware,8705.0,5546.0,4220.0,8014.0,5309.0,4051.0,628.82,Barnet,51.61385,-0.27515
Elephant & Castle,37290.0,23949.0,17597.0,32954.0,21378.0,15851.0,2625.42,Southwark,51.49467,-0.10047
Elm Park,5724.0,3184.0,1801.0,5138.0,2896.0,1787.0,372.04,Havering,51.54969,0.19779
Embankment,34869.0,28002.0,17980.0,33686.0,25955.0,15578.0,2717.9,City of Westminster,51.50717,-0.12195
Epping,6224.0,4582.0,2658.0,6449.0,4216.0,2584.0,472.23,Epping Forest,51.69365,0.11495
Euston,65497.0,52450.0,43900.0,64044.0,51259.0,39268.0,5402.32,Camden,51.52774,-0.13303
Euston Square,24492.0,8086.0,6749.0,24727.0,8805.0,6752.0,1487.43,Camden,51.52584,-0.1357
Fairlop,2081.0,1394.0,856.0,1878.0,1298.0,821.0,147.32,Redbridge,51.59634,0.09125
Farringdon,36844.0,7931.0,4687.0,37094.0,9088.0,4550.0,1972.77,Islington,51.520362948,-0.105126482
Finchley Central,12024.0,7238.0,4118.0,11680.0,6401.0,4266.0,823.78,Barnet,51.60102,-0.1924
Finchley Road,15534.0,11037.0,7909.0,14715.0,9443.0,7514.0,1157.14,Camden,51.546701,-0.179867
Finsbury Park,52158.0,41968.0,25405.0,45233.0,30510.0,22325.0,3811.76,Islington,51.56498,-0.10543
Harrow & Wealdstone,8496.0,4650.0,3093.0,7332.0,4465.0,2929.0,555.83,Harrow,51.59205973,-0.334725352
Fulham Broadway,15310.0,12139.0,6951.0,15025.0,10125.0,6572.0,1162.5,Hammersmith and Fulham,51.48033,-0.19488
Gloucester Road,21724.0,16396.0,13126.0,20559.0,15425.0,12030.0,1708.97,Kensington and Chelsea,51.49408266,-0.17295341
Golders Green,13364.0,9191.0,7249.0,12928.0,8432.0,7027.0,1012.83,Barnet,51.57249,-0.1941
Goldhawk Road,3519.0,2330.0,1476.0,3313.0,2122.0,1576.0,253.07,Hammersmith and Fulham,51.501248,-0.226776
Goodge Street,12987.0,6054.0,3560.0,12624.0,6194.0,3352.0,825.35,Camden,51.5206,-0.13441
Grange Hill,1213.0,572.0,278.0,1085.0,488.0,281.0,72.86,Redbridge,51.61326,0.09258
Great Portland Street,14519.0,5020.0,3281.0,13985.0,4835.0,2775.0,842.37,City of Westminster,51.52391,-0.14397
Green Park,58814.0,35126.0,25470.0,67897.0,42800.0,29244.0,4577.43,City of Westminster,51.50674,-0.14276
Greenford,7635.0,4982.0,3143.0,7453.0,4611.0,3040.0,548.48,Ealing,51.542346,-0.345903
Gunnersbury,10367.0,4110.0,2691.0,9408.0,3557.0,2454.0,609.26,Hounslow,51.49126844,-0.275554312
Hainault,6373.0,3865.0,2438.0,6002.0,3553.0,2430.0,440.66,Redbridge,51.60288,0.09332
Hammersmith,47068.0,31449.0,22271.0,45894.0,30229.0,21442.0,3486.31,Hammersmith and Fulham,52.217339,-0.222825
Hampstead,7192.0,5531.0,4827.0,7223.0,5740.0,5349.0,606.94,Camden,51.55645,-0.17851
Hanger Lane,6547.0,3994.0,2691.0,6086.0,3537.0,2478.0,452.09,Ealing,51.53,-0.2929
Gants Hill,11215.0,7326.0,4905.0,10582.0,6971.0,4806.0,808.53,Redbridge,51.57649,0.06637
Woodside Park,5311.0,2997.0,2246.0,6089.0,3760.0,2967.0,411.16,Barnet,51.6181717295887,-0.185578887883903
